text	name
Climate change can feel like an insurmountable problem. @[100065014230744:Climate Power] taught me we already have the tools to reduce pollution significantly and create millions of jobs in the process.	AdvocateForGreenEnergyPoliticalAction
"TPUSA LIVE is the unfiltered, grassroots alternative to mainstream media. Watch daily shows, live in-studio content from TPUSA HQ and weekly shows covering politics, pop-culture, sports and everything in-between. Tune in every weekday starting at 5 PM ET / 2 PM PT.

Check out today’s show! 

Human Events Daily host Jack Posobiec discusses the CNN producers involved with child sex crimes, foreign relationships, and more!

The TPUSA LIVE team is joined by host, Jon Root, and special guests Alex Clark & Jobob who will talk about anarchy in America, media distrust, Rittenhouse interview with Charlie Kirk, and more!

Benny on the Block host Benny Johnson takes a trip to both Florida and New York to find out where Americans would rather live.

We will wrap up the show with POPlitics with Alex Clark as she dives into Billie Eilish talking to Howard Stern about porn, Ben Affleck and Jennifer Garner’s marriage drama, President Trump on the Candace show, and more!"	AntiWoke
"Building with concrete improves the sustainability and resilience of our nation’s infrastructure. 

Check out our booth at World of Concrete or learn about our Roadmap to carbon neutrality at shapedbyconcrete.com."	Unknown
"“I have found no downside to [the wind turbines]. We farm right up next to ‘em, those generators just sit there and make money”
Listen to farmers from across America share their experiences with leasing land for wind turbines-. "	ChallengesFacingRenewableEnergy
"SoCalGas is committed to the goal of net zero GHG emissions by 2045 in both the energy we use and the energy we deliver to customers.

“We will lead the energy transition by providing clean fuels and innovative technologies essential to carbon neutrality for California. Through collaboration and partnership, California can develop clean energy solutions at scale and serve as a global beacon for energy innovation.” - Scott Drury, SoCalGas CEO 

Learn more: https://bit.ly/3al2FyZ. "	IncreasingShareOfRenewableEnergyAmongDifferentPowerSources
We're sending a letter to Colorado's leaders asking them to action on climate change. Will you add your name?	AgencyToStopClimateChange
"Seattle City Light doesn’t want you to know how much more expensive electric heating is compared to using natural gas.

On January 22, Seattle City Light CEO Debra Smith testified before the legislature in favor of a bill, HB 1084, which would push to reduce the use of natural gas for heating in homes and apartments. During the hearing I tweeted a chart from Seattle City Light’s web page, noting that the cost of electricity for homes with all-electric heat is double those heated with natural gas."	PoliticalActivismForOilAndGas
Manhattan District Attorney Alvin Bragg is REFUSING to enforce the law. He’s siding with criminals over everyday New Yorkers by downgrading felonies and refusing to prosecute many crimes altogether. Governor Hochul has the power to FIRE DA Bragg for refusing to do his job. Tell her to FIRE him NOW and protect New York families by going to FireAlvinBragg.com.	ProtectFromHarmsCausedByFossilFuels
Big money out-of-state solar developers are trying to pull the strings in Lansing to line their own pockets – SPEAK OUT!	Unknown
"𝟏𝟎,𝟎𝟎𝟎 𝐑𝐄𝐒𝐏𝐎𝐍𝐒𝐄𝐒 𝐍𝐄𝐄𝐃𝐄𝐃 | 𝟏𝟏:𝟓𝟗 𝐏.𝐌. 𝐃𝐄𝐀𝐃𝐋𝐈𝐍𝐄

From the wildfires scorching California to Hurricane Ida causing flooding and destruction, it is clear that devastating extreme weather events will become more common and destructive if we don’t act now to prevent climate catastrophe. Alexandria Ocasio-Cortez is demanding Congress take bold climate action by passing the Build Back Better Act NOW.

We need 10,000 climate activists to make their voice heard before MIDNIGHT, and your vote is missing. Do you support bold climate action?"	ClimateChangeDonations
Marylanders want clean energy that never stops, which is why they depend on nuclear power. Follow our page to learn more about Maryland’s most reliable, clean energy source.	InroadsMadeByNuclearEnergy
"Check out the premiere of the video that highlights the 60 years of gaslighting from the fossil fuel industry. Don't believe the hype! 

They knew! ☠️⛽️

Watch here: https://corfc.org/gaslighting. "	ProtectFromHarmsCausedByFossilFuels
We are committed to providing the energy that powers our state.	AdvocateForGreenEnergy
"Fellow Virginians,

My Grandfather always told me to speak ""the plain truth of things"".  Simple, straight forward and to the point.  Many of you received the results of our 2021 Restore Virginia Now Candidate Survey, click here to view.

In a few short hours we received hundreds of emails back with one simple question- What are the voting records of those seeking the Republican Nomination in the State Convention? 

You asked for it, so here it is.

Now keep in mind many candidates have never been in office before, so they have no legislative record, but for those that have been elected before, here at the Virginia Constitutional Conservatives we keep track of every vote lawmakers cast of key issues.

Because, to speak the 'plain truth', past performance is the best indicator of future performance, but even more so, the last thing anyone should ever do is reward poor political behavior. 

Scanning our database, here are key facts to keep in mind as the Virginia State Convention looms near-
 

-In the 2018 Special Session, then Speaker Kirk Cox, and now Gubernatorial Candidate Cox, led the effort to pass the Obamacare Expansion in Virginia, which in turn funded millions to Planned Parenthood to kill babies.  Don't believe us?  here is a link. 

https://www.whsv.com/content/news/Virginia-lawmakers-vote-to-expand-Medicaid-484085081.html

-In the 2019 Special Session, both Tim Hugo, running for Lt Governor, and Jason Miyares, running for Attorney General,  introduced Red Flag Gun Confiscation Legislation to violate nearly half of the Bill of Rights.  Not only does this unconstitutional scheme violate the 2nd Amendment, but also the 4th, 5th and 6th Amendments.  This effort set the stage for the radical left to pass this gun grab in the 2020 General Session.  Here are some links to read more-  

https://www.princewilliamtimes.com/news/hugo-now-backs-red-flag-gun-law/article_cad6a8ca-bf77-11e9-bea6-fb8304c57809.html

https://www.13newsnow.com/article/news/virginia-beach-delegate-proposes-red-flag-law-for-virginia/291-c7838c54-a9c3-4334-99e2-70dac47db27b

-And then Delegate Glenn Davis, running for Lt Governor, introduced legislation in the 2020 General Session to make it harder for law-abiding citizens to get a concealed carry permit.  His legislation, which then enabled the radical leftists that now control the house to do the same, eliminated online training and mandated in-person training,  The last time I checked the 2nd Amendment neither mentioned training or paying a tax to bear arms.  Here is a link to his legislation. 

https://lis.virginia.gov/cgi-bin/legp604.exe?201+sum+HB142

And even before that, Davis led the effort to create 'gun free' killing zones in Government Buildings.  Here is a link to that.

https://www.virginiamercury.com/blog-va/virginia-beach-republican-to-push-bill-allowing-municipalities-to-ban-guns-in-government-buildings/

And finally, while never elected, Gubernatorial Candidate Glenn Youngkin urged his employees to donate to the Southern Poverty Law Center, a viciously anti-conservative and anti-Christian organization.  You can read about that here.

https://thefederalist.com/2021/03/25/woke-capital-gop-candidate-ex-ceo-once-urged-employees-to-donate-to-the-splc/

You know, after typing this, it seems I am describing the Democratic ticket rather than those seeking the Republican Nomination.

Like I said before, many other candidates do not have public policy efforts on record, but you can read more about their stances on vital issues by clicking here and reviewing the results of our 2021 Restore Virginia Now State Candidate Survey.

https://virginiaconservatives.net/2021-rvn-candidate-survey

In over a dozen years of grassroots politics, one truth stands out- you must never ever reward the poor votes of a politician with your good vote, no matter who they are.

Or else you end up with the inability to tell Party R from Party D.

As we move into the 2021 Primary in the House of Delegates, we will also be shedding the hard light of truth on many candidates and their poor voting record.

For if we hope to Take Back Virginia, the last thing we need is fake conservatives on the ballot.  And you must remember the wise word of King Solomon in Proverbs 22:29-

""Do you see a man who excels in his work? He will stand before kings; He will not stand with unknown men.""

To read more on our efforts to take back the State House of Delegates, and what you can do to help us, click here to join us in working to Restore Virginia Now.

https://www.restorevirginianow.com/

In Liberty,

S. Chris Anders
Director
Virginia Constitutional Conservatives
https://virginiaconservatives.net/
https://www.facebook.com/virginiaconservatives/ 
 
PS- We have a hard fight ahead to take back Our Virginia. For the past 18 months we have been training and preparing for the 2021 State Election Cycle.  But we could use your help.  We have the trained activists and members in place to rip the Richmond Radicals from power, but we need ammunition. And in politics, your donations are that ammunition.  Will you click here to support our efforts to Restore Virginia?  For many of you donating $5,000 is easy and for others $50 is hard.  I get that.  But no matter the amount you are able to give, know that every dime will fund our effort to take back OUR Virginia.

https://donorbox.org/restore-virginia-now

Thank you and God Bless. "	AntiWoke
"If you did not believe we have “woke progressive’s” trying to change the core values of what made our community great in Bellbrook-Sugarcreek, you are wrong. 

There is woke band of progressives running for political offices, in Bellbrook, Sugarcreek, and our School Board. 

These candidates will try and influence our community and indoctrinate our children, into their progressive worldview through the power of the office they are seeking.

Power, our community should never give them.

The battle for the values which has made Bellbrook-Sugarcreek great starts at the ballot box this November.

Cast your vote for the Candidates who embraces the values you hold dear. God, Family, and County.

Election Watch 21. "	AntiWoke
We must rapidly end fossil fuel development on public lands while transitioning our communities to a more just and equitable economy. Tell Senators Heinrich and Luján to support reforms of the nation’s federal oil and gas leasing system.	AdvocateForGreenEnergy
"“The clean energy requirement they were considering and just rejected would have saved Arizona ratepayers $2 billion. It would have saved tens of billions of gallons of water. It would have allowed our state to be competitive in terms of attracting new corporations to Arizona.”
 
Kris Mayes breaks down what this loss means for power customers in a recent interview with Brahm Resnik. 

#SundaySquareOff #AZ #cleanenergy. "	OilAndGasExtractionRisks
"Fracking is important for the future of American energy. It lowers emissions, creates high-paying jobs, and provides American families with low-cost energy.

Click here (@AXPCUS) to join the conversation on the future of fracking in America."	Unknown
Contact the administration today.  Ask regulators to keep gas prices affordable.  Tell them to keep Line 5 open.	PoliticalActivismForOilAndGas
Reliable, American-made energy that doesn't break the bank. Like our page to support nuclear carbon-free energy in Montana.	InroadsMadeByNuclearEnergy
If @Xcel Energy is allowed to build a massive fossil gas plant near Becker, MN, our climate will pay the price. And Xcel's customers will be left with an expensive 💸 stranded asset for decades. We know that solar and wind already are cheaper, and safer alternatives. Make your voice heard by using our simple form to submit a comment to the @Minnesota Public Utilities Commission, telling commissioners Minnesotans want our dollars going toward equitable renewable energy. ➡️ https://bit.ly/3pwvPks. 	Unknown
"Huge news: The House just voted to pass the Build Back Better Act!

Thank you, Rep. Horsford, for putting Nevada's working families first by voting to create clean energy jobs right here and take on climate change right now."	OilAndGasExtractionRisks
"Americans are facing high gas prices, high home heating costs, inflation and shortages this winter. Yet, a House Oversight Committee asked American energy producers to cut back AT THE SAME TIME the State Department asked OPEC to pump more oil to send to America. This makes no sense. Congress does not need to make it harder for our own families.
Tell Congress this is the wrong time to penalize American families trying to heat their homes.  Oppose the natural gas tax!"	PoliticalActivismForOilAndGas
Gov. Wolf is facing pushback over his unilateral decision to enter the Regional Greenhouse Gas Initiative (RGGI). In Response, he's throwing a tantrum that would make a two-year-old proud.	Unknown
"Across its lifecycle, concrete infrastructure provides long-term sustainability, and by using alternative fuels in construction, the industry can reduce emissions and achieve carbon neutrality. 

Learn more how concrete contributes to a circular economy at shapedbyconcrete.com. "	NuclearEnergyBenefits
Climate change is affecting the Third Coast as Lake Michigan's levels continue to rise. Demand Congress pass the National Climate Emergency Act today!	ClimateChangeDonations
A recent Maine study shows the increased pollen levels are directly linked to the warming climate as a result of our continued reliance on fossil fuels. Another good reason to move towards clean, renewable hydropower!	SupportForRenewableEnergy
"What a day for climate action! With an executive order, President Biden just announced plans to establish a Climate Change Support Office, which will allow him to deliver on his promises to #ActOnClimate. 👏🏼👏🏼👏🏼👏🏼👏🏼

#ClimateFriday. "	Unknown
"When Congress opened the Arctic National Wildlife Refuge to oil and gas development, they promised us $1 billion in revenue. 

We got less than 1% of that.  

It’s time to take oil and gas leasing in the Arctic Refuge off the table."	Unknown
Sen. Browne voted to stall PA’s participation in a program that would limit pollution and boost economic recovery.	Unknown
We are under attack! The California Legislature comes back to session in early January, and the fate of the oil and gas industry is in its hands. Now, more than ever, we need YOUR public support for more than 150,000 oil and gas industry employees.	ProtectFromHarmsCausedByFossilFuels
Did you know? Approximately 4,000 hardworking Illinoisans are directly employed in the Illinois oil production industry. Most of those direct jobs are concentrated in the economically struggling southern portion of the state. The Economic Policy Institute also estimates that the oil and natural gas extraction industry has one of the highest indirect job employment multipliers, where one direct job leads to an additional 5.43 indirect jobs. In other words – the oil production industry supports tens of thousands of jobs in Southern Illinois. Find out more about the economic impact of the oil production industry in Illinois at IPRB.org: https://bit.ly/3x5YKPN. 	OilCreatesJobs
With gas more than $4 in California, Gavin Newsom's $800/year gas tax is affecting families up and down the state. Should it be repealed?	PoliticalActivismForOilAndGas
"""That is why EV infrastructure is so important. What we put on the road is one the few ways we can directly control air pollution."" Learn more about what steps a doctor says we should take to clean Colorado's air."	NuclearEnergyBenefits
"For more than a century, access to American resources and the ability to deliver them nationwide has powered our country’s progress. The same holds true for Oklahoma — the oil and natural gas industry is our economic engine. 

The hardworking men and women of our state's oil and natural gas industry are ready to power our nation’s progress for decades to come. All we need is energy policy driven by common sense rather than partisan politics.

Read more from Petroleum Alliance President Brook Simmons: https://bit.ly/3o8dye6. "	OilCreatesJobs
200+ of America’s wealthiest urged Congress to increase their taxes to pay for critical investments in preventing climate change, supporting the care economy, and more. #FairShareforAmerica. 	Unknown
The American clean power industry’s added capacity from April to June of this year was up 13 percent from the same period last year, and Michigan was one of the leading states in terms of installations, adding 424 MW of renewable energy capacity, ranking behind just Texas and California.	GreenEnergyWorks
Vision Solar, one of the fastest growing residential solar energy companies, celebrated the opening of its flagship facility in Blackwood.	GreenEnergyWorks
You don’t have to believe in climate change to believe in geothermal heating and cooling. It could save you a whole pool of fuel.	AdvocateForGreenEnergy
A local oil & gas shutdown would force California to import even more of the oil we use, raising gas prices and increasing our dependence on foreign oil.	NuclearEnergyBenefits
Our old and failing infrastructure may not be able to stand another Hurricane Ida. We need to rebuild our infrastructure so that it is more resilient to the worsening effects of climate change. #4states1source https://bit.ly/3k96Z9V. 	AdvocateForGreenEnergy
"The title says it all.

We need nuclear power."	BuildBetterAct
What happens when academics lose objectivity over climate change science?	NeedQuickResponseForClimateCrisis
"Climate change is worsening a biodiversity crisis that’s causing countless wildlife to go extinct. We must tackle the climate and biodiversity crises together if we want to effectively address either. 

NRDC has an aggressive plan to tackle the climate crisis and create a healthier, more equitable planet that’s safe for wildlife and people alike. As the fight for our clean energy future grows ever more dire, we'll need all the help we can get. 🦅🐋🗻🌎. "	LegislatorsMustActAgainstClimateChange
"TPUSA LIVE is the unfiltered, grassroots alternative to mainstream media. Watch daily shows, live in-studio content from TPUSA HQ and weekly shows covering politics, pop-culture, sports and everything in-between. Tune in every weekday starting at 5 PM ET / 2 PM PT.

Check out today’s show! 

Human Events Daily host Jack Posobiec discusses today's news and gives a fresh, informed perspective on what is going on in our country.

The TPUSA LIVE team is joined by host, Jon Root, and special guests Isabel Brown, Alex Clark, and Emri Moore who will talk about Leftist rhetoric, play 'What in the World Wednesday' & discuss our Professor Watchlist.

SMASH host MAGA Hulk, Stephen Davis, dives into the Left's catchy and destructive slogans and how the Right answers with level-headed intellectual arguments and watch On The Frontlines with Isabel Brown as she sits down with Austin Clark to discuss political agendas overshadowing real science in MEDICAL SCHOOL!

We will wrap up the show with POPlitics with Alex Clark as she dives into feminism's blurred lines, gives a sports recrap, merch announcement and more!

#KyleRittenhouse #BigGovSucks. "	Unknown
"""Illinois’ Climate and Equitable Jobs Act, signed by Gov. J.B. Pritzker in September, made Illinois the first Midwest state to commit to net-zero carbon emissions, with a deadline of 2050. It includes a host of environmental measures that are a model for the nation.

But state-level efforts are not enough. The United States can’t do its part to save the planet without strong federal laws. Congress must enact climate measures quickly."". "	TackleClimateChange
Akron needs a bold climate leader. Tell Mayor Horrigan to declare a climate emergency now!	ClimateChangeDonations
"🚚 #TBT to last week’s clean transportation #ACTExpo. As a company, we’re committed to the goal of net zero GHG emissions by 2045 in both the energy we use and the energy we deliver to customers. Via link in bio, read how transportation will play a part – including decarbonizing our fleet and innovations in renewable natural gas and hydrogen. 🚛
.
.
.
#CleanTransportation #Hydrogen #RenewableNaturalGas #GHGemissions #NetZero. "	GreenEnergySavesMoney
"The Democrats' outrageous government spending spree is causing rampant inflation that is directly impacting all Kansans.
 
What's the result? Gas prices in Kansas are up 49% from last year!"	GreenPowerExpensive
You can thank Joe Biden for it. Rising gas prices. Higher grocery bills. Spiking utility bill. All of it. Sign the petition.	GreenPowerExpensive
Wind energy installations bring clean, affordable power to communities, and they bring jobs, tax dollars, and grid reliability, too. Visit the link below to learn about Isabella County’s wind power success story:. 	Unknown
Greening companies can use their scale, reach and expertise to help decarbonize high-emitting sectors. But it'll also take strong policy support for those sectors to be able to change fast enough. Hear more from our EVP strategy and sustainability Giulia Chierchia on Bloomberg's Switched On podcast.	SupportForRenewableEnergy
Oil and gas are the backbone of our economy. Learn how American oil and gas benefit your community!	OilAndGasTax
"First, DC liberals spent trillions of our dollars. Now, Americans are facing record inflation and are paying more for gas and groceries. Their plan now: Nancy Pelosi and her liberal allies are pushing for new tax hikes and another socialist healthcare plan.
 
Click below and sign up to tell Matt Cartwright enough is enough."	Unknown
"Methane pollution is a climate disaster. It’s 86x more powerful than carbon dioxide at trapping greenhouse gases in our atmosphere. But the EPA’s new proposed methane rules don’t go far enough to protect our climate, our health, and our communities. 

Tell the EPA: Strengthen methane rules to safeguard public health and prevent climate disaster."	Unknown
While the climate crisis is causing longer droughts in Texas, it's negatively impacting every part of our country. In Florida, we see intensifying storms. It's critical that we take action and invest in renewable energy sources before hazardous climate events get worse.	GreenPowerExpensive
We can continue innovating to drive down emissions without making it harder to provide West Virginians with the reliable and affordable energy they need. Tell your senators to say no to increased energy bills.	NuclearEnergyBenefits
Will you give a $20 gift of love to support re:power’s candidate development alumni, like Maryland State Senator Cory McCray?	DonateToSupportClimateChangeActivism
"Senior lobbyist for ExxonMobil was recorded ADMITTING to fighting climate science & blocking action. 

Listen to the explosive tape:. "	Unknown
Raising taxes on the U.S. natural gas and oil industry could put our economic recovery at risk! Call Rep. Yvette Herrell at 575-323-6390 and tell them: new taxes on U.S. energy is a BAD idea!	PoliticalActivismForOilAndGas
"The MULTI-MILLION-DOLLAR question all taxpayers have to ask themselves is this: 

Do you trust our million-dollar 💸 superintendent, Doug Cozad, who is under investigation by the Ohio Auditors office for illegally spending public funds, with an extra  $22,540,000.00 million dollars from taxing our Homes🏡 ?

Personally, I would trust a rattlesnake with a “pet me” sign, Bill Cosby as a bartender, emails 💌 from a Nigerian Prince, Mexican tap water, gas station sushi 🍣 , and a prostate exam by Captain Hook, more than I would trust  DOUG COZAD with $22,540,000.00 million dollars.

On May 4th, VOTE NO for the 4th time, and send a clear message to this school board that you do not trust them.

No MEANS NO!"	GarneringSupportForRestoreVirginia
It’s time to shine a light on the benefits of nuclear energy. 24/7 carbon-free energy generation that promotes environmental and economic progress makes nuclear energy essential to America’s clean energy future. Learn more about our nation’s largest source of carbon-free energy: https://bit.ly/3mb4LZb. 	BuildBetterAct
Passionate about climate change, green energy, and making a difference in your community? Join us to create a renewable energy future in New Mexico!	Unknown
The fuel mandate proposed last year failed because, if passed, would impose new, costly regulations on small businesses and reduce consumers' choice at the pump. Quote Source: https://bit.ly/3rP3nwD. 	ReduceEmissions
"Bellbrook Superintendent David Carpenter has been using the Police and Prosecutors to target his political opponents.

Carpenter has sent multiple secret letters and ran secret, unauthorized criminal background checks on political opponents and potential school board candidates.

David Carpenter should also resign for his aggressive and unethical actions.

No school board president should ever be allowed to use the power of his office in such a manner.

https://youtu.be/5ZM5GRzg1M0. "	AntiTax
We are Lake County community members fighting for cleaner air, cleaner water, cleaner energy, and a healthier, more equitable future for environmental justice communities. Like our page to learn more and get involved!	Unknown
"A Conversation about Renewable Energy with All Four of the Living Standing Rock Sioux Tribe Chairmen of the Last 40 Years.

Please join us on Thursday, April 15th at 2:00 pm (EST) for a historic, live conversation about renewable energy with ALL four of the living Standing Rock Sioux Tribe (SRST) Chairmen of the last 40 years.

SAGE Development Authority is honored to welcome four esteemed panelists for our next Anpetu Wi Dialogue:

Charles Murphy
Former SRST Chairman
1983-93, 1997-2005, 2009-2013

Ron His Horse is Thunder
Former SRST Chairman
2005-2009

Dave Archambault II
Former SRST Chairman
2013-2017

Mike Faith
SRST Chairman
2017-Present

The panelists will discuss renewable energy during their terms, the current effort to build the Anpetu Wi wind farm, and their individual viewpoints on development at Standing Rock.

SAGE Development Authority's General Manager, Joseph McNeil, Jr., will moderate.

The conversation is part of our monthly talk series titled For Generations to Come: Anpetu Wi Dialogues from Standing Rock. The talks in the series are devoted to raising awareness for Native American issues and our efforts to develop Anpetu Wi – a utility-scale wind farm - on our ancestral land at Standing Rock."	DonateToSupportClimateChangeActivism
Sign this petition asking for oil & gas to clean up & pay up instead of using taxpayer money.	SouthwestGasInvestment
Transportation emissions threaten the things we love about Minnesota. Reducing pollution helps preserve our air, our water and our farmland. We have an opportunity to make a change by making pollution-free vehicles more readily available to Minnesotans who want them – without ever forcing consumers to give up their gas-powered vehicles if they don’t want to.	InroadsMadeByOilAndGas
California's poor energy policy decisions are about to wreak havoc on other states in the West. A new ruling allows California to hijack power Arizona was already contracted to receive 😖. 	GreenPowerExpensive
"“SunZia is one of several big transmission lines geared to open renewables development in the Desert Southwest to help bring power to markets farther west. With a capacity of 3,000 megawatts, SunZia would be a critical link for Pattern Energy's 2,200-megawatt Corona Wind development, a suite of projects approved by New Mexico regulators in 2018.”

Read more about SunZia and transmission in New Mexico here >> https://www.greentechmedia.com/articles/read/9-transmission-projects-laying-the-paths-for-cross-country-clean-energy

 #renewableenergy #transmission #solarpower #cleanenergy #energy  #gogreen #renewables #gosolar #sustainability #renewable #solarpanel #climatechange #environment #sustainableenergy #electricity #sustainable #savetheplanet  #renewmexico. "	GreenEnergySavesMoney
"Meet Robert White, Vice President of Industry Relations at Renewable Fuels Association. White focuses on promoting safe ethanol choices for automobiles, boats, chainsaws and much more. “We grow a lot of corn in the state of Kansas utilized for ethanol. The more ethanol we use the lower greenhouse gas emission of our fuel and obviously the carbon intensity of that fuel has dropped as well. It’s important, even with small engines, it matters a lot to use those blends to help with emission” says White.

Filling your car with Kansas ethanol fuel makes supporting local teachers, farmers, families, and businesses easy. And Kansas-made E-15 fuel is a great value when compared to regular unleaded:  

✅  higher octane 
✅  lower emissions 
✅  lower price

Shop local and find a E-15 fuel station near you at https://www.fueledbykansas.com/where-to-buy."	Unknown
At Exelon, we generate 12 percent of all the zero-carbon energy produced in the entire country, with the lowest carbon intensity among major power producers. Learn more about our progress and continued efforts to fight climate change.	InroadsMadeByOilAndGas
Calling all conservatives: Rep. Stephanie Bice is fighting back against the Left’s anti-energy agenda in Washington. She is a champion for our nation’s oil and gas industry and the thousands of hardworking Americans relying on it. Will you rush in $20 right now to help her reach her Q1 goal to ensure she has the resources needed to stand up to the Left in D.C. and preserve our shared conservative values?	Unknown
"We're excited to announce we are going on TOUR! A solar education tour to be exact. Learn about solar energy, lowering your carbon footprint and what cost savings look like with solar.

See below for what tour date works best for you!

Feb. 9th, OKC: https://fb.me/e/15BMSBgHV
Feb. 9th, Sapulpa: https://fb.me/e/12le8oE7C
Feb. 9th, Moore: https://fb.me/e/1x83B2whr
Feb. 9th, Norman Central: https://fb.me/e/3wbjT6fRt
Feb. 14th, Yukon: https://fb.me/e/16qPVW1Hc
Feb. 16th, Edmond: https://fb.me/e/16ozAbAtk
Feb. 16th, Norman East: https://fb.me/e/1aoire0zj

We can't wait to see you there! P.S. dinner will be provided by Chick-fil-A for every event date! ☀. "	Unknown
Colorado’s oil and natural gas industry is committed to being the leader in responsible energy development. From investing in new, innovative technologies, to lowering emissions, to supporting local communities, Colorado is a model for the nation. See how: https://www.cred.org/energy-leadership/. 	SupportForOilAndGas
Nuclear carbon-free energy keeps North Carolina strong and our air clean. Like our page to learn more.	NuclearAdvocacy
"""The question is — what is going to be done to keep water out of our houses?""

Stormwater and sewage flooding in the basement of their home is unfortunately something Jocelyn and Stanley are used to, and cleanup has cost them more than just money. Enough is enough. It's time to take action to prevent flooding in Michigan homes."	Unknown
“This could serve as a catalyst to Congress, to show there’s an urgency here to act,” said Deyette. “What Illinois has shown is that diverse stakeholders can come together.” He added that Illinois is the first major coal-producing state in the nation to commit to a carbon-free future.	SupportForRenewableEnergy
Braidwood, Byron, Dresden, and LaSalle nuclear plants provide 2/3 of Illinois’ clean energy. Two of the plants—and 1,500 direct jobs—will be lost this year if Springfield doesn't act now.	NuclearAdvocacy
"Every little girl dreams of being royalty, but Brianne Yamada knows it takes more than dreams to wear a crown.

Brianne, a project engineer for our power plant facilities, spent months learning Japanese history and exploring Japanese culture to prepare for the 69th Annual Cherry Blossom Festival. She had considered the festival in previous years but was hesitant to embrace public speaking on a large stage. In the spirit of continuous improvement, this year she decided to go for it.

Learn how Brianne was able to overcome her fears while embracing her cultural upbringing in her journey to being crowned Cherry Blossom Festival Queen in our latest blog post at: http://hwnelec.co/2gVZ50EB2K7.

Photo courtesy: Cherry Blossom Festival Hawaii. "	DonateToSupportClimateChangeActivism
"Renewable Natural Gas (RNG) made here in Vermont 👍 🌎

RNG is created from methane produced from organic materials in landfills, wastewater treatment facilities, and farms!

Customers can simply sign up to purchase renewable attributes of RNG for a percentage of their natural gas usage 📈 📊

Use our RNG Adder Calculator to find the right percentage based on your budget & energy use 🏡

Visit our site to learn more about RNG and enroll in the VGS Renewable Natural Gas Program!"	ReduceEmissions
"TPUSA LIVE is the unfiltered, grassroots alternative to mainstream media. Watch daily shows, live in-studio content from TPUSA HQ and weekly shows covering politics, pop-culture, sports and everything in-between. Tune in every weekday starting at 5 PM ET / 2 PM PT.

Check out today’s show! 

Human Events Daily host Jack Posobiec discusses the Jussie Smollett's guilty verdict, President Biden pressuring Ukraine, what Tulsi Gabbard said about the MSM, and more!

The TPUSA LIVE team is joined by host, Jon Root, and special guests Isabel Brown, Stephen Davis, and First Liberty Institute’s Kelly Shackelford, who will talk about First Liberty, court packing, our Constitution, Leftist lies, and more!

Freedom Papers host Morgan Zegers sits down with The Charlie Kirk Show Producer Connor Clegg to discuss Federalist 9, the importance of establishing a system of checks and balances. 

We will wrap up the show with POPlitics with Alex Clark as she dives into Josh Duggar and child porn, Elliott Page, a POP Quiz, and more!"	Unknown
It’s #NationalGrillingMonth! The quick heat and temperature control of a #natgas grill are perfect for your summer cookouts. Leave a comment and tell us what’s on your menu.  🍽. 	Unknown
Do wind turbines and solar farms hold the keys to saving the environment? Michael Shellenberger, founder of Environmental Progress and noted climate activist, used to think so. Now he’s not so sure. He explains why in this important video.	Unknown
"🚨 𝐃𝐈𝐃 𝐘𝐎𝐔 𝐊𝐍𝐎𝐖: Colorado recently had the worst air quality in the world.

🚨 𝐇𝐎𝐖 𝐘𝐎𝐔 𝐂𝐀𝐍 𝐇𝐄𝐋𝐏: Add your name now to demand cleaner transportation choices that prevent climate change and improve public health >>. "	ClimateActionDonation
"🚘 The cars we love, 🚚 the trucks we depend on. 

All made right here in America by union autoworkers. 

With tax incentives for electric vehicles, we can achieve our clean energy future."	GreenEnergySavesMoney
The plan for a government-takeover of Maine’s power grid would cost $13.5 billion. That’s more than $17,000 in debt for average customer. What do you think of the plan? Take our poll: https://bit.ly/31N2eg2. 	Unknown
Natural gas and oil companies are dedicated to cutting greenhouse gases. Meet Chevron’s manager of emissions reduction and learn how we can do more together.	GreenEnergyWorks
Arizona's clean energy industry provides millions of dollars to local communities. Sign up to tell Congress to support clean energy.	SupportForRenewableEnergy
"Energy companies have left Colorado with billions in oil and gas cleanup. It's time we stand up and protect our state! 

Teaser trailer up now on our website!
The full video premieres on June 15th, right here: https://corfc.org/gaslighting 

In collaboration with ProgressNow Colorado.

#climatechange #oilandgas #colorado #fracking #progressnow #climate #oilandgasindustry. "	Unknown
Rep. Sherrill, thanks for fighting for clean energy that can power our economy, create good-paying jobs, and tackle the climate crisis. Now is our time to get it done.	DemocratOutreach
"We can’t save the earth alone… we need your help.

For every $20 spent on our solar ponds, we can prevent roughly 400 lbs of CO2 from entering the atmosphere, which is the same effect as planting three mature trees that take decades to grow. 

A small donation can prevent almost a QUARTER-TON of CO2 pollution.

Better yet, when you donate $20, we’ll send you two bottles of earth-friendly hand sanitizer (one for you and one for a friend) to keep yourself safe & healthy.

The manufacturing process for our earth-friendly hand sanitizer actually creates leftover saltwater that is compatible with our solar ponds. So we put the leftovers BACK into the solar ponds, making the whole process eco-friendly and renewable.

Plus, this special hand sanitizer is proven to offer 4 HOURS of protection (since it's alcohol-free) — so you don’t have to keep reapplying it like you would with most brands.

So, if you are ready to join the fight against climate change, be the change our Earth needs.

Donate $20, and we’ll send you 2 bottles of hand sanitizer and prevent up to 400 lbs of CO2 from polluting our air. Act now."	ClimateActionDonation
"Are you respected by politicians?

Unless you are politically feared, you will not be politically respected.

Learn WHY this works…. Learn HOW YOU can be feared AND respected by politicians in the fight for liberty.

This is practical, no-nonsense training built around cutting-edge political strategies and tactics.

If you are tired of crony-capitalism, corporate handouts and politicians only looking out for their next re-election, this class might be for you.

If you are ready to DO something to take back power from the politicians and elites for “We The People,” you NEED to attend this class on Saturday, May 8th, 2021 in Leesburg, VA.

This intense one-day training covers:

The Real Nature of Politics - why just ""educating"" people alone won't result in change;

The Biggest Lie in Politics - and how the political class uses your convictions against you;

How to work effectively at the Capitol - getting a bill sponsor and a roll call vote despite the leadership; and

How to put pressure on legislators.

All of our instructors have years of experience putting these principles to work in multiple states.

Many have worked on federal, state and local campaigns, including major presidential campaigns, and successful campaigns for U.S. Senate and Congress. They know what works, and also what has been proven not to work in getting politicians to vote right.

This class will teach you how to turn your passion into effective action to advance liberty.

If you’re ready to learn how to be effective AND feared by politicians, click here to register for this class on Saturday, May 8th, 2021 in Leesburg, VA. We’ll even thrown in lunch. "	DonateToSupportClimateChangeActivism
Take Action on Coal Pollution in Pueblo. 	AdvocateForGreenEnergy
"As California experienced power outages, many jumped to blame renewable energy as the primary cause. Green energy was getting a bad rep, but researchers found that renewable energy wasn’t the problem, it was the necessity for a reliable, shared transmission grid.

To read more about how transmission could have prevented this, see the link in our bio."	GreenEnergySavesMoney
"Huge news: The House just voted to pass the Build Back Better Act!

Thank you, Rep. Moore, for putting Wisconsin's working families first by voting to create clean energy jobs right here and take on climate change right now."	OilAndGasExtractionRisks
"Representative Janet Yang Rohr voted for the Climate and Equitable Jobs Act and it is now law in the state of Illinois!

The Climate and Equitable Jobs Act will:

✅Curb dangerous air pollution

✅Combat the climate crisis

✅Create thousands of high-quality jobs in Illinois

Please join us by adding your name to thank Representative Janet Yang Rohr today."	Unknown
"Hydrogen goes off-road: Jaguar Land Rover announced that it would be developing a hydrogen fuel cell powered prototype of its Defender SUV. This is part of the company’s attempt to meet a target of zero tailpipe emissions by 2036. 

Learn more - https://www.cnbc.com/2021/06/15/jaguar-land-rover-is-developing-a-hydrogen-powered-vehicle.html. "	NuclearEnergyBenefits
The climate in Utah needs your voice. Like our page to support our nation's largest source of carbon-free energy.	BuildBetterAct
Raising taxes on the U.S. natural gas and oil industry could put our economic recovery at risk! Call Rep. Elaine Luria at 757-364-7650 and tell them: new taxes on U.S. energy is a BAD idea!	PoliticalActivismForOilAndGas
Tell Congress to support America’s renewable energy workers and communities.	IncreasingShareOfRenewableEnergyAmongDifferentPowerSources
"For over a decade, Colorado’s oil and natural gas industry has used state of the art, innovative technology to help reduce 95% of greenhouse gas emissions and reduce the risks of climate change while providing the energy Colorado needs. In fact, oil and natural gas have reduced emissions by 50% in the last ten years.

Learn more: https://www.cred.org/tomorrow. "	SupportForOilAndGas
The science is clear: There’s no time to waste. Here’s what we need to do to drive real change.	AdvocateForGreenEnergy
D.C. special interests threaten our rural way of life. Voices for Cooperative Power is standing up for it.	AdvocateForGreenEnergy
Home appliances that run on fossil fuels are contributing to the climate crisis and harming our health. NOW is the time for Congress to help more people run their homes on clean electricity!	Unknown
This Is What Disenfranchising Voters Really Looks Like. Turning Point USA Exposes The Radical Left's Plans Through The ‘Corrupt Politicians Act’ To Change & Destroy America Forever. #BigGovSucks. 	Unknown
"Using renewable energy at concrete production facilities and investing in zero emission fleets can significantly reduce emissions from concrete manufacturing. 

Learn more about our carbon neutrality Roadmap at shapedbyconcrete.com. "	RenewableEnergyInfrastructureGrowth
What’s the safest way to transport oil? According to environmentalists, progressive politicians, and the media, it’s anything but pipelines. Are they right? Diana Furchtgott-Roth, adjunct professor at George Washington University, dives into the data for answers.	ReduceEmissions
"The title says it all.

We need nuclear power."	NuclearAdvocacy
"It was House Minority Leader Blake Filippi’s turn to address the Warwick Rotary Club Thursday, and he didn’t waste time tearing into what House Speaker K. Joseph Shekarchi listed as major legislative achievements.

It wasn’t all negative, either. As positive accomplishments, Filippi cited greater controls on the governor’s emergency powers, additional funding for the Department of Children, Youth and Families, and a provision enabling those who were granted a PPP loan of $250,000 or more to file the loan as a grant in next year’s return rather than amending the return at an added accounting expense.

Brandishing a copy of the speaker’s news release, Filippi said, “what concerns me is what’s missing. There’s some things on here I like there’s some things on here. I’m absolutely opposed to that are wrong for Rhode Island. But there’s a lot of missing things. And I’ll start with that. What’s missing in this past legislative session is any help for small businesses.”

He said nothing was done for small businesses, “And we didn’t focus on them. And they’re the ones who needed our help this the past six months.”

Filippi said there are ample bad things to come out of the session but, “I’m just going to focus on the biggest bad thing. We passed this thing called the 2021 Act on climate.”

Filippi said the measure “massively changes the way our government operates”

He said the act gives a coordinating council the power to advise the governor on how to reduce greenhouse gas emissions. He said it takes a purely advisory body and gives them added responsibilities.

“It commanded them to come up with a plan, even if it were economically ruinous for the state…it doesn’t matter, they have no discretion. They must adopt a plan to reduce our greenhouse gas emissions by 45%, below 1990 levels by 2030; 80%, below 1990 levels by 2040.”

“So they have to adopt this plan. Once that plan is adopted, every organ of state government is mandated no discretion to adopt regulations to carry that plan forward, essentially, to require all of us … businesses, municipalities, offices, individuals, to pass regulations which govern our lives. “

Filippi said a state report calls these goals unachievable unless Rhode Islanders decarbonized homes and businesses with the elimination of oil, propane, natural gas, heat, and going to all electric cars.

“This is something that a regulatory body should not be imposing on the citizens of this state.”

He said such regulations should be the purview of legislators elected by the people. He said the act would “massively, massively drive up costs.” The result, he said, will be to drive businesses out of the state.

https://cranstononline.com/stories/climate-bill-is-biggest-bad-thing-of-legislative-session-says-gop-leader,164326?fbclid=IwAR3iKpjAfGdRd_ci0MZF5mznjtar9kRXWK9tBiCrKcIuRelE9wATuROEH7A. "	EconomicAdvantagesOfRenewableEnergy
"We will solve the greatest challenge of our time if we come together.
 
The IPCC, International Energy Agency, and more than 100 Nobel Laureates and scientists across the globe have confirmed we must transition from fossil fuels.
 
That’s why a new global fossil free treaty is so critical.
 
Join us and add your voice and we can stop fossil fuel expansion, phase out existing fossil fuels and ensure a just transition for all."	Unknown
"🌎🚨𝐄𝐗𝐓𝐑𝐄𝐌𝐄 𝐖𝐄𝐀𝐓𝐇𝐄𝐑 | 𝟏𝟏:𝟓𝟗 𝐏𝐌 𝐑𝐄𝐒𝐏𝐎𝐍𝐒𝐄 𝐃𝐄𝐀𝐃𝐋𝐈𝐍𝐄

The climate crisis is making weather more extreme, leading to more droughts, fires, and hurricanes across the United States. This pattern of increasingly destructive weather is not going to change on its own. We need to hear from 31 more people by midnight tonight, so speak out immediately: 𝐀𝐫𝐞 𝐲𝐨𝐮 𝐜𝐨𝐧𝐜𝐞𝐫𝐧𝐞𝐝 𝐚𝐛𝐨𝐮𝐭 𝐞𝐱𝐭𝐫𝐞𝐦𝐞 𝐰𝐞𝐚𝐭𝐡𝐞𝐫 𝐜𝐚𝐮𝐬𝐞𝐝 𝐛𝐲 𝐜𝐥𝐢𝐦𝐚𝐭𝐞 𝐜𝐡𝐚𝐧𝐠𝐞?"	OilAndGasJobs
Analysis shows that allowing utilities to opt-out of tax normalization could reduce carbon emissions by an additional 50 million metric tons annually and save regulated utility customers over $1 billion annually by 2030.	PoliticalActivismForOilAndGas
Read our Sustainability Report and learn how we’re fueling America’s clean energy future.	BuildBetterAct
The cost of inaction in Springfield is too high. These four at-risk plants provide 2/3 of Illinois’ clean energy and support 28,000 direct and indirect jobs.	GreenEnergySavesMoney
"Calll Senators Eggman, Hueso, and Hertzberg today!

Call Sen. Eggman (Stockton, Tracy, Modesto San Joaquin Valley).
(202) 618-4297 or (209) 948-7930

Call Sen. Hueso (San Diego, Imperial County) 
(844) 672-5067 or (619) 409-7690

Call Sen. Hertzberg (Van Nuys, San Fernando Valley) 
(218) 209-4082 or (818) 801-5588

These three Senators are keeping SB 467, a bill that would protect our families from oil and gas activities, from moving forward.

Call them now. Find additional contact information here: http://findyourrep.legislature.ca.gov/. "	VirginiaConservativeCampaign
"Winter is coming... is the Texas grid ready? Or will se see more blackouts?

State officials are working on a plan to reform the electric grid. Here's our midterm report card on their progress: https://lifepowered.org/will-texas-fix-its-grid-here-is-the-midterm-report-card/. "	Unknown
Learn more about methane emissions, and policy solutions that can help bring them down.	Unknown
Thank Senator Feinstein for supporting smart, practical, bipartisan policies that promote conservation by helping reduce carbon emissions. The Growing Climate Solutions Act is the first step toward rewarding farmers, ranchers, and foresters for protecting birds and all wildlife for future generations. Sign up today to show your support!	Unknown
"BREAKING: Glenn Youngkin has nominated coal lobbyist and corporate polluter crony Andrew Wheeler to lead Virginia’s environmental agencies. 

At the EPA, Wheeler worked to dismantle the Clean Power Plan and toxic coal ash cleanup. He rolled back Clean Water Act Regulations, putting our drinking water at risk. 

Virginia is on the front lines of the climate crisis. Take action and tell lawmakers that Wheeler is BAD for Virginia."	Unknown
"🔴 Amy Klobuchar just gave a RINGING ENDORSEMENT of H.R.1: “𝐈𝐭 𝐰𝐨𝐮𝐥𝐝 𝐟𝐮𝐧𝐝𝐚𝐦𝐞𝐧𝐭𝐚𝐥𝐥𝐲 𝐢𝐦𝐩𝐫𝐨𝐯𝐞 𝐨𝐮𝐫 𝐝𝐞𝐦𝐨𝐜𝐫𝐚𝐜𝐲 𝐛𝐲 𝐩𝐫𝐨𝐭𝐞𝐜𝐭𝐢𝐧𝐠 𝐯𝐨𝐭𝐢𝐧𝐠 𝐫𝐢𝐠𝐡𝐭𝐬, 𝐬𝐞𝐜𝐮𝐫𝐢𝐧𝐠 𝐨𝐮𝐫 𝐞𝐥𝐞𝐜𝐭𝐢𝐨𝐧 𝐬𝐲𝐬𝐭𝐞𝐦𝐬, 𝐚𝐧𝐝 𝐠𝐞𝐭𝐭𝐢𝐧𝐠 𝐝𝐚𝐫𝐤 𝐦𝐨𝐧𝐞𝐲 𝐨𝐮𝐭 𝐨𝐟 𝐨𝐮𝐫 𝐜𝐚𝐦𝐩𝐚𝐢𝐠𝐧 𝐬𝐲𝐬𝐭𝐞𝐦𝐬.”

BUT: Mitch McConnell and his corrupt Republicans announced they’re going ALL IN to kill this bill in the Senate.

So we’re power-fundraising to hit 25,000 donations today to pressure the Senate to pass the For the People Act. If we fall short, McConnell will be THRILLED! . Do not delay, rush $10 NOW >>. "	DonateToSupportClimateChangeActivism
"It’s not always easy to do the right thing, but State Representative Joanna McClinton led the fight against the fossil fuel industry and voted to support clean energy and clean air in Pennsylvania. Help thank Rep. Joanna McClinton by adding your name here.

The Regional Greenhouse Gas Initiative (RGGI) is Pennsylvania’s best shot to cut power plant pollution and grow a clean energy future.

Rep. Joanna McClinton put Pennsylvania first. She stood up to the dirty fossil fuel industry and voted to support Pennsylvania's entry into RGGI. Rep. Joanna McClinton chose to defend our state’s future and invest in Pennsylvania families. Add your name here to say thank you to Rep. Joanna McClinton, and urge them to hold the line!"	Unknown
Rep. Lee wants to strengthen America's economy with millions of good-paying clean energy jobs - to recover now and build for the future.	Unknown
Will you chip in $25 to support re:power alumni like, Baltimore City Council Member Kristerfer Burnett? re:power’s candidate development trainings helped Kristerfer develop skills needed when running for office.	DonateToSupportClimateChangeActivism
The left wants to strike two critical provisions from the federal tax code — percentage depletion and the expensing of intangible drilling costs. If percentage depletion is eliminated, Oklahoma families and businesses will be directly affected. Each year, more than 5,000 jobs would be lost, $29 million in state revenue would be gone and $71 million in Oklahoma royalty payments would disappear. Click the link in our bio to read more.	PoliticalActivismForOilAndGas
With another hurricane season upon us, we are reminded of the role we play as individual Texans when it comes to preparing for and recovering from a storm. Every Texan can help themselves and their neighbors by maintaining normal routines and not overbuying fuel before or after a storm. #HurricaneReady. 	Unknown
"Did you know? The Illinois oil exploration and production industry:

• Provides 4,000 direct jobs
• Directly and indirectly provides 14,000 jobs
• Generates more than $3 billion in direct economic output each year
• Generates $770 million in annual personal and business income
• Provides royalty income for more than 30,000 Illinoisans
• Provides $330 million in annual Illinois tax revenue and $380M in federal tax revenue
• Has generated an average of $7.46 million in property tax revenue for local communities per year since 2007

Find out more about why the oil exploration and production industry is so important to the Land of Lincoln at iprb.org!"	Unknown
"With easy to access oil increasingly a thing of the past in California, drillers are using extreme, dangerous extraction methods - increasing the frequency of spills & further threatening the health & safety of nearby communities. A danger that Brian Frange and his community have felt the impact of first hand. 
 
It’s time to #EndDangerousDrilling. Join us in standing with the @VoicesCA community and millions of people across California in calling on California State Senators to vote #YesOnSB467! 
 
🚨Follow the link in bio or 𝐭𝐞𝐱𝐭 𝐒𝐁 𝟒𝟔𝟕 𝐭𝐨 𝟐𝟏𝟑𝟑𝟑 to take action now!"	ProtectFromHarmsCausedByFossilFuels
The Texas oil and natural gas industry is committed to delivering solutions that reduce the environmental impact of operations while simultaneously meeting society’s growing energy needs.	OilAndGasTax
The next generation of nuclear carbon-free energy can bring more affordable, clean energy to Utah. Like our page to learn more about the power of nuclear energy.	BuildBetterAct
Tackling the world’s hunger crisis isn’t only about providing food in an emergency. Mercy Corps works with communities around the globe to address the root causes of hunger, including climate change, economic instability, and political conflict. Implementing long-term solutions takes significant resources, so we’re looking for your help in making this critical work possible in this crisis and many others. Will you donate $25, $50, or whatever you can, today?	DonateToSupportClimateChangeActivism
Sen. Hassan wants to strengthen America's economy with millions of good-paying clean energy jobs - to recover now and build for the future.	Unknown
Floods are happening more often, and they're getting worse. Climate change is already a factor in dangerous, extreme weather. In Arizona, we see intensifying droughts. Without a transition to a clean energy future, hazardous climate events may get worse.	LegislatorsMustActAgainstClimateChange
Meteorologist: Georgia needs to be prepared for rising blobal temperatures. 	Unknown
With so much of the state dependent on natural gas for electricity, the cost to switch over could end up costing you! Find out how much!	ReduceEmissions
Solar and wind are already providing emissions-free, reliable power. Renewable energy now accounts for over 25 percent of electric power in the United States, and solar is set to overtake nuclear power over the next few years.	ChallengesFacingRenewableEnergy
"Climate change and its wildfire are burning #Alaska.

You can tell Senator Lisa Murkowski that Alaskans want bold climate action now by visiting bit.ly/AlaskaClimateAction.

#TimeIsNow #AlaskaClimateAction #ClimateChange. "	SupportForRenewableEnergy
Natural gas generated nearly 40% of New York’s electric power in 2019, but some lawmakers have proposed ending the use of natural gas – limiting consumer choice and potentially increasing energy costs.	NuclearEnergyBenefits
"NYGOP Chairman Nick Langworthy Takes “Just Say No” Tour to Buffalo. He is Joined by Legislative Leaders Rob Ortt and Will Barclay in Opposition to November Ballot Proposals Threatening Election Integrity.

NYS Senate Republican Campaign Committee
Republican Assembly Campaign Committee - RACC. "	VirginiaConservativeCampaign
The Gulf oil spill devastated as many as a million birds and their habitat. But a new project, the single-largest ecosystem restoration projection in U.S. history, can help repair the damage done. Speak up now to move this restoration forward and be a voice for birds!	Unknown
America is recovering from this pandemic, but we can’t take our foot off the gas now. The American Jobs Plan will fix 2,260 miles of Georgia roads create millions of good-paying jobs, and expand access to clean drinking water. Brighter days are ahead -- for all of us.	Unknown
"In order to reach net-zero emissions by 2050, the International Energy Agency (IEA) says the world must immediately stop oil and natural gas exploration and development, stop the sale of internal combustion-powered vehicles by 2035, and more than double investments for alternative energy development from $2 trillion to $5 trillion per year. 

In a word, this pathway is absurd. It's a map that leads to economic ruin for average Americans and the nation's economy as a whole. 

Read more from Petroleum Alliance President Brook Simmons: https://bit.ly/3iFRoPa. "	ChallengesFacingRenewableEnergy
"Myth: Exelon is threatening plant retirements as a way to pressure lawmakers into boosting the company's profits.

FACT: Exelon has delayed this announcement as long as possible, but the plants simply cannot continue to operate under current market policies that put no value on the clean energy they provide and instead favors fossil fuel energy resources."	Unknown
"California families need Young Kim to see what’s in front of her:

The danger is real. Extreme weather is more intense and more frequent than ever before -- and all the more reason to act now."	Unknown
Through our TEP Gives program, when you sign up for Budget Billing, e-Bill or Auto Pay, we’ll make a donation to Arizona Nature Conservancy. Our contributions are funded with company resources, not customers’ rates. When all of us work together, we can improve the livability of communities and protect Arizona’s natural beauty. Learn more: http://ow.ly/S8aT50EwdUW. 	Unknown
"FACTS: As Trump’s former EPA chief;
Andrew Wheeler rolled back protections on clean air and water, denied the impacts of climate change, sidelined scientists, and put fossil fuel interests ahead of community health. 

Wheeler's nomination as Virginia’s Secretary of Natural Resources would be devastating for communities. Your senator, Senator Morrissey, could be the deciding vote. Tell Senator Morrissey to reject Wheeler's nomination and put Virginians first! #OpposeWheeler

Take action now ⬇️. "	Unknown
Chip in $25 today to support re:power’s candidate development programs! We are proud of the work our alumni, like Ohio State Rep. Stephanie Howse, are doing across the country.	ClimateActionDonation
Big oil and gas companies are forcing American families to choose between groceries or their energy bill this winter while they line their pockets.	PoliticalActivismForOilAndGas
"When Dominion contaminated water with lead and arsenic—putting kids’ health at risk—Jennifer Carroll Foy had to stop it. She passed a bill to make Dominion clean up its toxic coal ash—without passing all of the costs to Virginians. To safeguard our families’ health, the status quo won’t cut it. Jennifer Carroll Foy isn’t like other politicians; she’s not afraid to take on corporate polluters.
 
As our next Governor, Jennifer Carroll Foy will do whatever it takes to protect our air and water from toxic polluters. Learn more about Jennifer Carroll Foy here → vote.cleanvirginia.org/jcf. "	Unknown
"We need resilient infrastructure that meets the demands of a sustainable future. 

That’s why the cement and concrete industry is committed to achieving carbon neutrality across the value chain.

Learn about our Roadmap at shapedbyconcrete.com."	NuclearEnergyBenefits
“We are not going to get to a decarbonized future without the use of nuclear power.” Nuclear Energy Institute's CEO and President Maria Korsnick discusses the necessity of nuclear energy in shaping our nation’s clean energy future. Learn why nuclear carbon-free energy remains a vital step in the way forward to a clean energy future: https://bit.ly/3pke7kt. 	BuildBetterAct
California is #1: February gasoline prices show the state remains highest in the U.S.: https://bit.ly/3siXje1. 	InroadsMadeByRenewableEnergy
"Did you know that regionalizing Arizona's energy grid is the CLEANEST, FASTEST, AND CHEAPEST way to decarbonize? Climate change is a reality - it's time to act quickly. Act Now! 
>>Link in bio<<. "	Unknown
Gas does damage not just in the homes where it’s used for cooking and heating, but all the way along the supply chain.	PoliticalActivismForOilAndGas
It’s October home heating oil is up 35% since last year. I about feel over to see oil bill this afternoon when I came home. Congressman Jim McGovern thinks this is Build Back Bettet or Help is on the way. What a joke the average family in District 2 of Massachusetts between gas, food, home heating will spend on average $400.00 more every month. Maybe our current congressman will provide Christmas for his constituents. 	Unknown
"This summer is making it clearer than ever: we need bold, transformative action. Now. 

Congress MUST include big clean energy investments and a Clean Electricity Standard in the budget! #NoClimateNoDeal. "	OilAndGasExtractionRisks
Mayor Gainey, it’s time to declare a climate emergency. We need bold climate leaders to protect Pittsburgh.	AdvocateForGreenEnergy
Follow our page to learn more about Red Brick Solar and the benefits it will bring to our community.	Unknown
This column in The Morning Call gets it right. RGGI, a market-based climate solution, would be good for Pennsylvania’s health and economy. Conservative leaders should embrace it.	ClimateChangeDonations
Millions of Californians live near a polluting oil or gas well. Nearby drilling threatens them with the possibility of oil spills and exacerbates climate change. Take action before Dec. 21 to protect communities from dangerous drilling!	ProtectFromHarmsCausedByFossilFuels
Did you know oil and natural gas jobs provided more than $6.6 billion in wages across North Dakota in 2019? Learn how energy can help accelerate economic recovery.	EconomicAdvantagesOfOilAndGas
"First, DC liberals spent trillions of our dollars. Now, Americans are facing record inflation and are paying more for gas and groceries. Their plan now: Nancy Pelosi and her liberal allies are pushing for new tax hikes and another socialist healthcare plan.
 
Click below and sign up to tell Chris Pappas enough is enough."	GreenPowerExpensive
Rep. Luria wants to strengthen America's economy with millions of good-paying clean energy jobs - to recover now and build for the future.	CallsToInvestInRenewableEnergy
The climate in North Carolina needs your voice. Like our page to support our state's largest source of carbon-free energy.	GreenEnergySavesMoney
"🗣 MAKE YOUR VOICE HEARD IN TIME: 

𝟏𝟏:𝟓𝟗 𝐏𝐌 𝐏𝐄𝐓𝐈𝐓𝐈𝐎𝐍 𝐃𝐄𝐀𝐃𝐋𝐈𝐍𝐄 | 𝐂𝐋𝐈𝐌𝐀𝐓𝐄 𝐀𝐂𝐓𝐈𝐎𝐍 𝐑𝐄𝐐𝐔𝐄𝐒𝐓𝐄𝐃
Big Polluters like oil and coal companies won’t go down without a fight. That’s why we’re asking for 39 more signatures on our petition before midnight. We’re demanding action to stop pollution from destroying our air, water… and, ultimately, our planet’s future – but time is running out. So please, don’t miss our midnight deadline: 𝐒𝐢𝐠𝐧 𝐭𝐡𝐞 𝐩𝐞𝐭𝐢𝐭𝐢𝐨𝐧 𝐧𝐨𝐰 𝐭𝐨 𝐝𝐞𝐦𝐚𝐧𝐝 𝐂𝐨𝐧𝐠𝐫𝐞𝐬𝐬 𝐡𝐨𝐥𝐝 𝐁𝐢𝐠 𝐏𝐨𝐥𝐥𝐮𝐭𝐞𝐫𝐬 𝐚𝐜𝐜𝐨𝐮𝐧𝐭𝐚𝐛𝐥𝐞!"	DonateToSupportClimateChangeActivism
🎄 Will Witt is determined to be as woke and as inclusive as possible this holiday season.	DonateToSupportClimateChangeActivism
Only you should hold the power to decide if and how to grow your family. We’re building a state where we can all thrive with access to reproductive healthcare in our own communities. Learn more!	Unknown
"𝟏𝟏:𝟓𝟗 𝐏.𝐌. 𝐃𝐄𝐀𝐃𝐋𝐈𝐍𝐄 | 𝐓𝐇𝐄𝐑𝐄’𝐒 𝐍𝐎 𝐓𝐈𝐌𝐄 𝐓𝐎 𝐖𝐀𝐒𝐓𝐄

Right now, we have a historic opportunity to fight the climate crisis, and create millions of good-paying jobs while lowering costs for middle-class families. Climate champions like Bernie Sanders, Alexandria Ocasio-Cortez and President Biden, are fighting to build a sustainable economy and cut costs for families, but Congress is dragging its feet.

There’s no time to waste: We need 10,000 people to add their support by MIDNIGHT tonight and demand Congress take action NOW. Time is running out and you still haven’t signed – please add your name now to join Bernie, AOC and Pres. Biden to demand Congress take bold climate action now!"	DonateToSupportClimateChangeActivism
Natural gas plays a pivotal role in today's global economy and will continue to be a critical to the future of energy, according to a new study by IHS Markit. Read more at wmb.link/gx4. 	OilAndGasTax
Did you know? Nearly 70% of energy consumed in the United States comes from oil and natural gas products. The Department of Energy also projects that oil and natural gas' share of the energy mix will remain at nearly 70% through at least 2050. Find out more here: https://iprb.org/blog/2020/6-things-to-know-about-new-department-of-energy-report-on-importance-of-oil-and-natural-gas/. 	OilAndGasTax
Without natural gas, you couldn’t enjoy cooking on a gas stove! Watch this 30-second video to learn more about how natural gas powers New York.	Unknown
"Looking for more information about the state's upcoming special session? Concerned about how much still has to be decided - and how it will impact your family, your community, and your business?

Join AFP-MN State Director Jason Flohrs for a conversation with Chair Michelle Benson for a conversation about the recently announced budget framework and the ongoing work conference committees will be doing prior to a planned June 14th special session. 

Have a question for Senator Benson? Post it in the comments below!"	Unknown
"President Biden recently signed a resolution to restore limits on methane pollution. This is a big win for our climate, our health and our economy. 

And as Rep. Scott Peters noted, “Its one of the bigger advances we’ve made in climate since I’ve been in Congress.”. "	Unknown
We must rapidly end dirty energy development on public lands while transitioning our communities to a more just and equitable economy. Tell Senators Bennet and Hickenlooper to support reforms of the nation’s federal oil and gas leasing system.	SouthwestGasInvestment
"We can’t save the earth alone… we need your help.

For every $20 spent on our solar ponds, we can prevent roughly 400 lbs of CO2 from entering the atmosphere, which is the same effect as planting three mature trees that take decades to grow. 

A small donation can prevent almost a QUARTER-TON of CO2 pollution.

Better yet, when you donate $20, we’ll send you two bottles of earth-friendly hand sanitizer (one for you and one for a friend) to keep yourself safe & healthy.

The manufacturing process for our earth-friendly hand sanitizer actually creates leftover saltwater that is compatible with our solar ponds. So we put the leftovers BACK into the solar ponds, making the whole process eco-friendly and renewable.

Plus, this special hand sanitizer is proven to offer 4 HOURS of protection (since it's alcohol-free) — so you don’t have to keep reapplying it like you would with most brands.

So, if you are ready to join the fight against climate change, be the change our Earth needs.

Donate $20, and we’ll send you 2 bottles of hand sanitizer and prevent up to 400 lbs of CO2 from polluting our air. Act now."	DonateToSupportClimateChangeActivism
"New York Republican Chairman Nick Langworthy brings his statewide “Just Say No” tour to Syracuse to highlight the Party’s opposition to the November election ballot propositions. #JustSayNoNY

Onondaga County Republicans. "	Unknown
"We’re kicking off #CleanEnergyWeek with a reminder of our commitment to be #netzero by 2045!

This goal drives all of the amazing progress happening at SoCalGas.

With an innovative and inclusive mindset towards the energy of the future, incredible things are possible. 

Let’s do this, together! #NetZero2045. "	AdvocateForGreenEnergy
If there’s one thing U.S. Energy Department leaders from both sides of the political aisle can agree upon, it’s that American natural gas development is directly tied to our nation’s energy security.https://marcelluscoalition.org/2021/07/02/bipartisan-u-s-energy-leaders-agree-natural-gas-boosts-american-energy-security/?fbclid=IwAR26ALQGreYw5ny-nNf1vV1Yr7aPkD2vVTyapQCKgObRYjZ0fUA10O_AyT8. 	TackleClimateChange
The people of Oklahoma Oil & Natural Gas have provided nearly $3 million to the great works of Allied Arts in 2020 alone.	EconomicAdvantagesOfOilAndGas
"We protested today in front of the Governor's mansion in light of her trying to undermine the recent federal ban on NEW fracking leases. Call/Email the Governor's Office to tell her you don't support this! Petition and contact info below! 

Instead of listening to New Mexicans who overwhelmingly support the transition from oil and gas dependence -- our politicians are bending over backwards to pander to industry’s interests. We just heard that oil and gas companies and their proxies spent $1.5 million on local political campaigns and PACs in the 2020 election cycle. This help explains why our political leadership killed any and all proposals that would have strengthened emission standards, tightened regulation, or expanded New Mexican’s environmental rights and protections -- even as they claim to share our concern for our futures. We need to get money out of politics and we need to end this insidious and abusive relationship between New Mexico’s political leadership and private industry.

(505) 476-2200
https://www.governor.state.nm.us/contact-the-governor/need-assistance-from-the-governor/ 

Petition: https://www.change.org/p/governor-michelle-lujan-grisham-no-fracking-waiver-for-nm. "	SouthwestGasInvestment
"Government Controlled Power:
1. Creates a quasi-government entity to takeover the power grid
2. Authorizes private assets to be seized through eminent domain
3. Comes with a price tag of $13,500,000,000. "	Unknown
From 2006 to 2016, Ohio residents saved nearly $15 billion on energy bills by using gas. Rather than spending their hard-earned money on electric bills, they were able to use it for groceries, education and other essentials. Learn more now: https://www.protectmygasohio.org/. 	NuclearEnergyBenefits
"Congratulations to the Oceti Sakowin Power Authority, http://ospower.org/, comprised of member Tribes from Cheyenne River, Yankton, Flandreau, Rosebud, Oglala and Standing Rock, on their announcement to have been selected as one of 15 businesses for the Apple Impact Accelerator program! OSPA, 100% tribally-owned, plans to go online with their windfarm by 2024.  Read more about them and their big news here: https://www.sdpb.org/blogs/news-and-information/sd-intertribal-wind-project-gets-boost-from-apple/ 

We here at SAGE are particularly proud of this achievement as we Tribes support working together to provide for our people and our future collaboratively and individually!"	VirginiaConservativeCampaign
Elections. Have. Consequences. The regulatory onslaught aimed at eliminating the U.S. oil and natural gas industry continues while providing little public benefit. The Biden administration’s agenda continues to jeopardize the foundation of Oklahoma's economy. Most recently, the U.S. Senate voted to reinstate a 2016 air emissions rule that will threaten small oil and gas producers. Enough is enough.	SouthwestGasInvestment
The economic, consumer, public health and environmental benefits of the 2016 Future Energy Jobs Act outweighed costs by at least eight to one. FEJA has delivered on its promise and benefited Illinoisans.	SupportForRenewableEnergy
Colorado’s Air Quality Commission must strengthen standards to directly regulate pollution from oil and gas well sites near our homes, schools, and workplaces. Take action right away to urge AQCC to require regular leak detection, aerial pollution monitoring and other innovative technologies that are ready and verifiable now. This decision-making process is happening fast, so please take a minute right now to make your voice heard.	StopOilPollution
As birds face the impacts of oil spills, increasing wildfires, drought, and other extreme weather events they’re counting on you to secure permanent protections and a more hopeful future. Donate now while gifts count double.	Unknown
"Mni Wiconi - Water is Life 

Check out our new Iyoha.co store, where all proceeds are to support and champion our mission. 

In the aftermath of our fight against the Dakota Access Pipeline (#NoDAPL), we renewed and deepened our commitment to self-determination through institution building and renewable energy development. Join us!

#MniWiconi #SAGESRST #StandingRock. "	Unknown
Achieving meaningful emissions reductions to meet the climate challenge requires smart policies, continuous innovation, and collaborative industry initiatives - all things the oil and natural gas industry is already doing.	NuclearEnergyBenefits
The recent suspension of oil and gas leases for the Arctic National Wildlife Refuge is a step in the right direction, but only a temporary solution. Together, we will fight to secure permanent protection for important bird habitats. Help give birds a brighter future by starting your monthly donation today.	OilAndGasJobs
"Wildfires are burning Alaska. The #timeisnow to act on climate change. Tell Lisa Murkowski to fight the fire and take bold climate action NOW. http://salmonstate.org/climate-change/

 #AlaskaClimateAction #ClimateChange. "	ClimateChangeDonations
Thank you, Congressman Marc Veasey, for going bold on clean energy jobs.	DemocratOutreach
The key to our state's economic success is a stable and strengthening oil and natural gas industry. More than 300,000 Oklahoma jobs are tied to our industry, which accounts for $32.7 billion in wages and more than $57 billion to the state's economy. Petroleum Alliance President Brook Simmons believes there's reason to be optimistic about a brighter future — click the link in our bio to learn why!	OilCreatesJobs
"President Biden's $2 trillion social spending bill which would tax the oil & natural gas industry into obsolescence isn't just a bad idea... it's not even likely to happen. The world depends on oil and natural gas for MUCH more than energy — that's what the far left can't seem to understand. Instead of punishing our industry, American politicians should be promoting it. Why shouldn't our nation be the worldwide leader in ushering in an age of energy security to every corner of the globe? 

Read more from Petroleum Alliance President Brook Simmons: https://bit.ly/3pwS3Wa. "	Unknown
"It’s @GlobalWindDay, the perfect time to explore the potential of wind power to create a cleaner, more robust economy for New Mexico!

Learn about the basics of wind energy with a family-friendly activity: building your own turbine! This craft may not be as large as the real thing, but it’s a great way to spark conversations and curiosity about renewable energy.

Download your project at the link in our bio. Happy crafting!

#PatternNewMexico #NMTrue #NewMexicoTrue #GlobalWindDay #Sustainability #WindEnergy. "	RenewableEnergyInfrastructureGrowth
TAKE ACTION: Tell Governor Lujan Grisham and the New Mexico Environment Department (NMED) to strengthen draft rules proposed by her administration to clean up methane waste and the pollution from oil and gas operations.	Unknown
"""The time to act was yesterday - my community is counting on you."" Daniela from Clean Power Lake County recently testified about the importance of passing the Clean Energy Jobs Act by May 31st!"	ReduceEmissions
Iowa wind energy jobs could double or triple over the next decade. 	RenewableEnergyInfrastructureGrowth
Your voice matters. Speak up now and help us shape the future of clean energy in Ohio.	Unknown
"𝟏𝟎,𝟎𝟎𝟎 𝐑𝐄𝐒𝐏𝐎𝐍𝐒𝐄𝐒 𝐍𝐄𝐄𝐃𝐄𝐃 | 𝟏𝟏:𝟓𝟗 𝐏.𝐌. 𝐃𝐄𝐀𝐃𝐋𝐈𝐍𝐄

There’s no time to waste! The climate crisis is here. Congress took the first step in securing our climate resilience by passing the infrastructure bill, but without the Build Back Better Act, we will still fall short. Now, climate champions like Leonardo DiCaprio are calling on Congress to take action.  

We need 10,000 climate activists to join them in demanding bold climate action before MIDNIGHT to reach statistical significance, but we’re 1,742 votes short and your response is still missing. 𝐃𝐨 𝐲𝐨𝐮 𝐬𝐮𝐩𝐩𝐨𝐫𝐭 𝐭𝐡𝐞 𝐦𝐨𝐬𝐭 𝐬𝐢𝐠𝐧𝐢𝐟𝐢𝐜𝐚𝐧𝐭 𝐜𝐥𝐢𝐦𝐚𝐭𝐞 𝐥𝐞𝐠𝐢𝐬𝐥𝐚𝐭𝐢𝐨𝐧 𝐢𝐧 𝐡𝐢𝐬𝐭𝐨𝐫𝐲?"	ClimateActionDonation
